cmpr9410_042.t##46.1	<<prep:Podél>> těchto <<f%LOC:silnic>> <<verb:jsou>> pro podnikání relativně nejlepší podmínky . 	alongside
ln94200_118.t##28.7	Pozorovatelé , kteří se snaží <<verb:zůstat>> <<prep:nad>> <<f%LOC:věcí>> , proto již raději mluví o skutečné zkoušce , kterou bude teprve až dalších sto dní . 	above	idiom
pdtsc_069_3.01.t##30.3	Myslím , že <<verb:má>> <<prep:před>> <<f%LOC:sebou>> velice slibnou kariéru . 	front	abstract
ln94200_172.t##5.1	Krásného Serge <<verb:natočil>> Claude Chabrol zcela <<prep:mimo>> velké výrobní <<f%LOC:společnosti>> , v poloamatérských podmínkách a díky penězům , které zdědila jeho žena . 	outside	abstract
ln94205_14.t##13.1	Bohužel <<prep:u>> <<f%LOC:nás>> to tak stále <<verb:nefunguje>> . 	within	regard
pdtsc_087_3.08.t##23.1	<<prep:Vedle>> <<f%LOC:ní>> <<verb:je>> její neteř z jižních Čech . 	beside
ln94205_118.t##18.8	Nedokázal to ani Studeník krátce po přestávce , když <<verb:stál>> sám <<prep:proti>> <<f%LOC:Bernadymu>> . 	opposite	idiom
wsj0509.cz.t##23.1	Jiný dlouhodobý spojenec , Phil Bakes , v současné době <<verb:stojí>> <<prep:v>> <<prep:čele>> <<f%LOC:firmy>> Eastern , která je nyní v konkurzním jednání podle zákona 11 . 	foreground	abstract
pdtsc_125_2.02.t##14.1	<<verb:Mám>> jich velký pruh <<prep:podél>> <<f%LOC:plotu>> sousedů . 	alongside
lnd94103_051.t##5.1	Nejméně dva minometné granáty <<verb:vybuchly>> v neděli večer <<prep:v>> <<prep:blízkosti>> <<f%LOC:kostela>> Sainte Famille , kde se skrývá více než 2000 uprchlíků převážně z menšinového kmene Tutsiů . 	near
wsj0725.cz.t##23.2	Vrtné činnosti <<verb:jsou>> stále hluboko <<prep:pod>> <<f%LOC:úrovní>> , jaké dosahovaly před osmi lety , nedochází ke zvýšenému náboru nových pracovních sil a některé společnosti pokračují v propouštění . 	below	idiom
ln95047_140.t##20.1	Podle nové koncepce oboru statistika <<prep:na>> pražské <<f%LOC:Fakultě>> informatiky a statistiky Vysoké školy ekonomické <<verb:studuje>> nyní téměř 200 studentů . 	within	abstract		
ln94203_109.t##2.20	Družstvo potápěčů ČR ve složení Kysilka , Štencl , Silný , Lacina zvítězilo v závodech Světového poháru v orientačním potápění v Hannoveru v Německu a po pěti závodech <<verb:je>> <<prep:v>> <<prep:čele>> celkové <<f%LOC:klasifikace>> soutěže . 	foreground	abstract
wsj0317.cz.t##70.2	Od té doby , co v USA v roce 1986 skončila nejnovější vlna přátelských převzetí , se <<verb:uskutečnilo>> více než 100 sloučení a převzetí <<prep:uvnitř>> evropského papírenského <<f%LOC:průmyslu>> , řekl . 	inside	abstract
wsj1390.cz.t##51.14	Ačkoli společnost byla vždy provozována rodinou , není Brawer první osobou , která se do rodiny přiženila a následně <<verb:stála>> <<prep:v>> <<prep:čele>> <<f%LOC:firmy>> Maidenform . 	foreground	abstract
ln94203_134.t##6.1	I <<prep:kolem>> mých <<f%LOC:oken>> jsou již <<verb:zabodnuty>> kolíky , usnadňující orientaci bagristovi , který brzy zjizví terén výkopem . 	around
pdtsc_123_1.04.t##33.1	<<prep:Nedaleko>> <<f%LOC:domu>> <<verb:měl>> obrovské stáje , jejichž byl majitelem . 	near
wsj1778.cz.t##42.9	Nejhorší bylo sledovat elektrické vedení , jak se <<verb:vlní>> <<prep:nad>> mojí <<f%LOC:hlavou>> a nemít kudy ujet . 	above
wsj0564.cz.t##57.4	Nechci , aby společnosti <<verb:rostly>> jen <<prep:kolem>> mé <<f%LOC:osoby>> . 	around	abstract
wsj0601.cz.t##28.2	Když soud nové projednání případu <<prep:před>> celým <<f%LOC:soudem>> <<verb:zamítl>> , soudkyně Newmanová , bývalá právnička zabývající se patentovými právy , ve svém protestu napsala : " Soudní legislativa poroty významně ovlivnila důležitý technologický průmysl , aniž by předem zvážila důsledky pro výzkum , pro inovaci nebo pro veřejný zájem . " 	front	abstract
wsj2168.cz.t##14.2	Trh <<verb:balancoval>> <<prep:okolo>> páteční uzavírací <<f%LOC:ceny>> 328.85 po asi půl hodiny a pohyboval se během vteřin nahoru nebo dolů , až se vylomil nahoru a nepodíval zpět . 	around	quantity
pdtsc_093_3.08.t##47.3	Je <<prep:na>> té <<f%LOC:fotce>> <<verb:vidět>> ještě něco zajímavého ? 	inside
wsj0359.cz.t##38.1	Podle Granvillových počtů však <<verb:bylo>> maximálně o jeden bod <<prep:nad>> tímto <<f%LOC:minimem>> 493 akcií . 	above	quantity
lnd94103_137.t##4.4	" Byl jsem na ní v Berlíně a zaplatila ji Slavia , " vyprávěl český reprezentant , který se bez jakéhokoliv kulhání <<verb:procházel>> <<prep:po>> <<f%LOC:stadionu>> . 	area
pdtsc_087_3.10.t##16.6	Bylo to v posledním patře , <<prep:naproti>> <<f%LOC:mně>> už <<verb:byl>> vchod na půdu . 	opposite
wsj2406.cz.t##13.1	Vskutku , Maďarsko <<verb:je>> <<prep:uprostřed>> mediální <<f%LOC:exploze>> . 	middle	abstract
pdtsc_061_3.13.t##33.1	To <<verb:je>> <<prep:blízko>> <<f%LOC:chalupy>> . 	near
wsj1120.cz.t##57.1	<<prep:Tváří>> <<prep:v>> <<prep:tvář>> rychlým kosmetickým <<f%LOC:úpravám>> Socialistické strany je LDP <<verb:paralyzována>> . 	facing	abstract
pdtsc_005_1.02.t##39.11	Loď stála na molu , je to takový vlnolam na konci přístavu , který <<verb:vytvoří>> <<prep:uvnitř>> <<f%LOC:přístavu>> jezero . 	inside
pdtsc_031_1.00.t##40.2	Docela ráda bych byla bývala <<verb:dělala>> <<prep:v>> <<f%LOC:zemědělství>> , celkem jsem vždycky lnula k přírodě . 	within
pdtsc_101_1.03.t##22.1	<<verb:Byla>> taky na nějakém kurzu anglického jazyka <<prep:na>> <<f%LOC:Maltě>> . 	inside
pdtsc_124_3.06.t##7.1	<<prep:Uvnitř>> <<f%LOC:tohohle>> <<verb:bylo>> jádro z asi tak šest , osm milimetrů tlustého papírového špagátu , který byl natočený na velkém kotouči . 	inside
pdtsc_103_2.07.t##2.1	<<prep:Na>> téhleté <<f%LOC:fotce>> <<verb:je>> ulička , která je v Jilemnici a které říkají Zvědavá ulička . 	inside
pdtsc_066_3.02.t##24.1	<<prep:Za>> <<f%LOC:stolem>> se na mě vedoucí <<verb:rozkřikl>> : " Neumíte pozdravit ? " 	behind
lnd94103_058.t##10.4	Každý ze sultánů , kteří <<verb:stojí>> <<prep:v>> <<prep:čele>> jednotlivých <<f%LOC:států>> , se v dané době na pět let stane panovníkem celé země . 	foreground	abstract
wsj1151.cz.t##2.9	Ceny dlouhodobých státních obligací se pohybovaly opačně vzhledem k akciovému trhu , protože investoři <<verb:hledali>> <<prep:uprostřed>> narůstajících <<f%LOC:důkazů>> o oslabování ekonomiky jistotu . 	middle	abstract
pdtsc_062_2.05.t##25.2	A protože se musí <<verb:rozptýlit>> <<prep:po>> celém <<f%LOC:cvičišti>> , jde každá župa jinak . 	distr
wsj2321.cz.t##7.1	Ale paní Hillsová v sobotu <<prep:na>> oficiální <<f%LOC:snídani>> Americké obchodní komory v Japonsku <<verb:zdůraznila>> , že cílem " není mít na jaře nebo v létě akci ukončenou , ale spíše je třeba mít detailní plán akce . " 	event
wsj0314.cz.t##8.18	" Nemohu si vzpomenout na dobu , kdy se prakticky všichni shodli , o čem ten problém je , " říká pan Seidman , který <<verb:stojí>> <<prep:v>> <<prep:čele>> <<f%LOC:oddělení>> společnosti AFL - CIO , které se zabývá záležitostmi kolem zdravotnictví . 	foreground	abstract
pdtsc_005_1.00.t##25.18	Způsob , jak je dostat na pobřeží nebo někam do poštovní schránky , spočíval v tom , že jsme je předali lodivodům a personálu , kteří <<verb:doprovázeli>> loď <<prep:po>> <<f%LOC:úseku>> dané země . 	distr
pdtsc_085_1.08.t##9.7	Pak je můj manžel Václav a <<prep:za>> <<f%LOC:ním>> maličko <<verb:kouká>> manželka druhého syna Jaromíra Melánie . 	behind
wsj1280.cz.t##23.1	Na konci třetího čtvrtletí <<verb:měla>> společnost McDonald ' s <<prep:po>> celém <<f%LOC:světě>> 10873 poboček . 	area
pdtsc_075_2.10.t##34.4	Tak jsme se nechali <<verb:vyfotografovat>> <<prep:před>> tou <<f%LOC:hospodou>> . 	front
wsj2358.cz.t##17.2	Přestože tempo se daleko více než na začátku roku <<verb:udržuje>> <<prep:pod>> <<f%LOC:kontrolou>> , je to stále prudší vzestup než 4 % zvýšení za celý rok 1988 . 	below	idiom
pdtsc_025_3.03.t##12.1	Já <<verb:jsem>> tady <<prep:proti>> <<f%LOC:mistrovi>> . 	opposite	idiom
mf920922_105.t##15.5	Jako by se buňka <<prep:kolem>> <<f%LOC:tebe>> <<verb:roztahovala>> , když chceš , dostaneš se jinam . 	around
ln94203_112.t##13.16	Shodou okolností jej v prvním kole čeká stejný soupeř jako v loňském ročníku - Australan Neil Borwick , jemuž před rokem musel <<prep:ve>> třetím <<f%LOC:setu>> pro zranění <<verb:vzdát>> . 	event
wsj1047.cz.t##10.1	<<prep:Mezi>> již dříve uvedenými potenciálními <<f%LOC:kupci>> <<verb:je>> prezident Bloomingdale ' s Marvin Traub , který se spojil se společností Drexel Burnham Lambert Inc . a se skupinou Blackstone Group . 	ingroup
pdtsc_007_1.01.t##4.6	Odtamtud jsem se vrátil ke své jednotce , která byla <<verb:umístěna>> <<prep:v>> <<prep:blízkosti>> <<f%LOC:Nepomuku>> . 	near
wsj1996.cz.t##36.11	Conlinová dodává : " V jisté chvíli bychom se museli zeptat : " Jak máme vědět , za tři roky <<verb:nebudete>> <<prep:pod>> <<f%LOC:ochranou>> Kapitoly 11 ? " " 	below	idiom
pdtsc_069_3.01.t##21.1	<<prep:Vedle>> <<f%LOC:něj>> <<verb:stojím>> já . 	beside
ln94202_13.t##20.6	Podobných vhodných míst by se <<verb:našlo>> <<prep:po>> naší <<f%LOC:republice>> hodně , zejména v městech s velkými převýšeními , která byla bývalým federálním ministerstvem dopravy vytipována k zavedení trolejbusové dopravy ( Liberec , Jablonec n . N . , Karlovy Vary , Karviná , Havířov , Příbram , Přerov atd . ) . 	distr
pdtsc_092_2.02.t##11.1	Dům <<verb:byl>> <<prep:nedaleko>> <<f%LOC:domu>> , kde bydlela naše babička . 	near
pdtsc_125_2.02.t##44.11	Zvlášť ráda vařím , když je pro koho , když <<verb:je>> <<prep:u>> <<f%LOC:stolu>> víc lidí . 	adjacency
wsj0020.cz.t##12.1	Přesto <<verb:nejsou>> tyto tři země zcela <<prep:mimo>> <<f%LOC:nebezpečí>> . 	outside	abstract
pdtsc_099_3.07.t##8.1	Tady <<verb:sedí>> moje maminka a sestřenice Zděna Blažková se Zděnou Kuncovou <<prep:na>> <<f%LOC:lavičce>> o přestávce koupání v Maďarsku . 	surface
pdtsc_094_2.02.t##27.4	Na fotografii je zajímavé to , že <<prep:po>> pravé <<f%LOC:straně>> <<verb:byl>> jeden známý zpěvák Richard Adam . 	side
mf930713_021.t##4.17	Krátce před sobotním utkáním proti Tchaj - wanu Oropesa kvapem zdolal řetězovou zábranu na baseballovém stadionu a <<prep:před>> <<f%LOC:zraky>> stovek fanoušků a policie <<verb:nastoupil>> do čekajícího modrého vozu . 	front	idiom
pdtsc_072_2.10.t##9.4	To je na chatě , kterou <<verb:máme>> <<prep:blízko>> <<f%LOC:Zbiroha>> . 	near
ln94205_13.t##4.1	S akciemi <<verb:lze>> <<prep:na>> českém kapitálovém <<f%LOC:trhu>> obchodovat na dvou zcela nezávislých trzích . 	within	abstract
ln95049_074.t##5.1	<<prep:V>> <<prep:čele>> nové <<f%LOC:organizace>> <<verb:je>> Mladen Schwartz , zastánce chorvatského loutkového fašistického režimu za druhé světové války . 	foreground	abstract
pdtsc_091_3.04.t##5.13	Nejdřív samozřejmě byla místní ve Starém Plzenci , pak byla v Plzni , kde už nás <<prep:ve>> Štruncových <<f%LOC:Sadech>> <<verb:bylo>> docela dost , a pak ti vybraní jeli do Prahy . 	inside
pdtsc_122_1.10.t##9.11	Pak byly potřeba plít jahody a kytky , ty <<verb:byly>> <<prep:okolo>> <<f%LOC:chatky>> . 	around
wsj1915.cz.t##40.48	DAYTON HUDSON CORP . , maloobchodní společnost v Minneapolisu s ročním obratem 12.2 miliardy dolarů , registrovaná na Newyorské burze cenných papírů , uzavřela sedm ze svých 13 diskontních prodejen Target v oblasti zátoky a devět ze svých 20 obchodních domů Mervyn ' s kvůli nedokončeným revizím stavebních inženýrů nebo žádostem úřadů , které se snažily <<verb:udržet>> nakupující <<prep:mimo>> <<f%LOC:dálnice>> . 	outside
pdtsc_134_3.07.t##29.2	<<verb:Máme>> chatu <<prep:nedaleko>> <<f%LOC:Nebílov>> , jak je nebílovský zámek , teďka je hodně v kurzu . 	near
wsj0582.cz.t##3.1	Přeplatek se <<verb:pohybuje>> <<prep:kolem>> 9 <<f%LOC:milionů>> dolarů . 	around	quantity
ln95047_039.t##17.19	R . Greenberg doporučuje zabavit pasákům auta a zařízení hotelových pokojů , kde se sex za úplatu odehrává , <<verb:rozmístit>> <<prep:podél>> <<f%LOC:silnice>> kamery - " zákazník " v mercedesu , který má v Berlíně ženu a tři děti , nebude chtít být zvěčněn na filmu . 	alongside
pdtsc_106_3.09.t##47.1	<<verb:Byl>> samozřejmě <<prep:u>> <<f%LOC:trabanta>> . 	adjacency
ln94202_30.t##15.16	Po dvou měsících bylo sice vojensky poraženo , Slovensko však už nemohlo být řazeno k hitlerovským spojencům , přestože v průběhu druhé světové války <<verb:bojovalo>> <<prep:po>> <<prep:boku>> <<f%LOC:nacistů>> 55000 slovenských vojáků . 	side	abstract
wsj0062.cz.t##5.8	Časopis kombinuje instruktážní články , např . jak si <<verb:založit>> <<prep:za>> <<f%LOC:domem>> kompost , s eseji vysvětlujícími , co se děje , když spláchnete záchod , a útočnými články o údajných znečišťovatelích životního prostředí . 	behind
pdtsc_022_1.03.t##13.12	Měli jsme pozváno asi kolem dvaceti nebo 25 hostů , ale většina těch , kteří <<verb:byli>> <<prep:mimo>> <<f%LOC:Plzeň>> , se nemohli dostavit , protože nedojeli . 	outside
wsj0962.cz.t##13.11	I když se společnost Sears k vřavě kolem Vilových komerčních propagací vyjadřovat nechtěla , zdá se , že <<prep:kolem>> Vilových <<f%LOC:zálib>> <<verb:staví>> plot . 	around	abstract
ln95048_131.t##3.17	Komerční banka zatím v žádném případě nemůže uplatňovat nárok na domy U Černé Matky boží a U hybernů , které <<prep:u>> <<f%LOC:ní>> za úvěr na rozjezd České lotynky <<verb:zastavil>> Státní fond kultury . 	adjacency	regard
pdtsc_052_1.07.t##35.9	Je to na sever od Plzně a dalo by se říct , že <<verb:je>> to <<prep:poblíž>> <<f%LOC:soutoku>> Střely s Berounkou . 	near
pdtsc_022_1.04.t##46.1	<<prep:V>> té <<f%LOC:době>> už syn <<verb:chodil>> do školy . 	event
ln94206_61.t##9.1	<<prep:Mezi>> <<f%LOC:důvody>> zrušení jsou <<verb:uvedeny>> : podstatné vady řízení , které rozsudku předcházelo , dále vady rozsudku , zejména nejasnost nebo neúplnost jeho skutkových zjištění . 	among	abstract
pdtsc_091_3.05.t##31.19	On dělal vedoucího přes výběr písniček a nácvik a já jsem to všecko zařizovala , ty místnosti a časy a co <<verb:bylo>> <<prep:kolem>> <<f%LOC:toho>> . 	around	regard
pdtsc_110_2.00.t##49.5	Prosím vás , abychom ještě chvilku <<verb:zůstali>> <<prep:u>> té cestovní <<f%LOC:záležitosti>> , jak se utvářely ty party ? 	adjacency	abstract
wsj1332.cz.t##8.12	Ovládá asi 35 % bohatého trhu v okrese Marin County , který <<verb:leží>> <<prep:za>> <<f%LOC:mostem>> Golden Gate směrem ze San Franciska . 	behind
pdtsc_103_2.08.t##35.7	Metro tam dělali povrchově , <<verb:nehloubili>> to strojem <<prep:uvnitř>> <<f%LOC:země>> . 	above
pdtsc_023_3.00.t##19.1	Ti nejbližší příbuzní pak <<verb:sedí>> <<prep:v>> první <<f%LOC:řadě>> . 	inside
wsj0528.cz.t##20.10	Mezitím hrozí , že zatímco se pořady nedělního večera snaží <<verb:udržet>> se <<prep:nad>> <<f%LOC:vodou>> v silné konkurenci seriálu " To je vražda , napsala " , šeptanda se změní v ticho : Zdá se , že taktika vyvolala pokusné sledování , avšak ohlasy přicházejí jen zvolna . 	above	idiom
mf930713_077.t##5.1	Podle prvních zpráv bylo epicentrum otřesů <<verb:lokalizováno>> <<prep:podél>> západního <<f%LOC:pobřeží>> ostrova asi 800 kilometrů severně od Tokia . 	alongside
wsj1232.cz.t##3.9	John B . Foy byl jmenován hlavním viceprezidentem a <<verb:zůstává>> <<prep:v>> <<prep:čele>> <<f%LOC:oddělení>> služeb pro individuální pojistné služby . 	foreground	abstract
pdtsc_045_3.02.t##2.13	Tajně se ustrojil vánoční stromeček , peklo se cukroví , zpívaly se koledy a dárky <<verb:byly>> připravené <<prep:pod>> <<f%LOC:stromečkem>> . 	below
wsj0795.cz.t##25.1	Podle uvedené zprávy <<verb:vzrostly>> zásoby <<prep:mimo>> zemědělský <<f%LOC:sektor>> ve třetím čtvrtletí o 24.6 miliardy dolarů za rok , což bylo zvýšení z tempa 19.5 miliardy dolarů ve druhém čtvrtletí . 	outside	abstract
wsj1286.cz.t##41.3	<<prep:Po>> této <<f%LOC:zemi>> je <<verb:roztroušeno>> mnoho úspěšných škol , některé z nich v těch nejchudších ghettech , a všechny k nám vysílají stejnou zprávu . 	area
ln94205_14.t##9.1	Ziskovost u nás ( a v celé Evropě ) se <<verb:pohybuje>> <<prep:okolo>> dvou <<f%LOC:procent>> . 	around	quantity
pdtsc_119_2.11.t##45.1	<<verb:Je>> <<prep:uvnitř>> <<f%LOC:věže>> něco zajímavého ? 	inside
pdtsc_124_3.00.t##34.7	Jak už jsem říkal : <<prep:proti>> <<f%LOC:mně>> <<verb:je>> moje matka , proti ní je teta Anna , to je sestra otce mé matky . 	opposite
wsj0758.cz.t##68.11	Když mu ale napsala Betsy Engelkenová a řekla , že se může <<verb:zastavit>> <<prep:poblíž>> jeho <<f%LOC:domova>> v New Jersey , bylo to jiné . 	near
pdtsc_089_2.10.t##32.6	Jak bydlím na Slovanech , tak oni <<verb:bydleli>> <<prep:naproti>> <<f%LOC:mně>> . 	opposite
pdtsc_070_2.14.t##17.8	To je syn , jeho žena , <<prep:za>> <<f%LOC:ním>> <<verb:jsem>> já a vedle mě je bratranec mého syna . 	behind
wsj1504.cz.t##9.1	Pan Stone <<prep:nad>> <<f%LOC:šálkem>> kávy <<verb:převyprávěl>> svůj příběh . 	above	idiom
pdtsc_133_3.12.t##19.1	Nesvačily <<verb:jsou>> <<prep:blízko>> <<f%LOC:Konopiště>> . 	near
pdtsc_050_3.00.t##42.1	<<verb:Je>> to <<prep:poblíž>> Modré <<f%LOC:mešity>> , kdy mi nabízel nějaký Turek k prodeji fez . 	near
pdtsc_130_3.08.t##27.4	Když si člověk vzpomene , že <<verb:je>> <<prep:uprostřed>> <<f%LOC:polí>> barák . . . 	middle
wsj0145.cz.t##6.6	Firma National Tyre , která <<verb:má>> 420 poboček <<prep:po>> celé <<f%LOC:Británii>> , měla v roce 1988 zisk před zdaněním ve výši 8.5 milionů liber . 	area
ln94209_55.t##31.4	<<prep:Stranou>> <<f%LOC:pozornosti>> nelze <<verb:ponechat>> ani tzv . intertemporální ustanovení § 52 citovaného vládního návrhu zákona , podle kterého §§ 4 až 6 nabývají účinnosti výjimečně již dnem vyhlášení ( tj . ustanovení o tom , kdo může být rozhodcem a o seznamech rozhodců vedených ministerstvem spravedlnosti ) . 	outside	abstract
wsj1094.cz.t##25.11	" Když máte nějaký postoj , je lepší se jej držet , než <<prep:kolem>> <<f%LOC:něj>> příliš <<verb:kolísat>> , " říká stratég republikánů John Sears . 	around	abstract
ln94203_10.t##16.8	Angažmá ve zmíněném projektu by mu mělo pomoci <<verb:upevnit>> image značky <<prep:mezi>> <<f%LOC:mládeží>> a uvést na trh skupinu produktů , které jsou zaměřeny právě na mládež . 	among	abstract
ln94209_2.t##3.15	Dovozci a prodejci zahraniční produkce však stále ve velké míře porušují zákonem stanovenou povinnost toto zboží <<verb:přihlásit>> ke schválení <<prep:u>> příslušné státní <<f%LOC:zkušebny>> před jeho uvedením do tržní sítě . 	within	abstract	adjacency	abstract
pdtsc_126_2.03.t##11.1	Ale když jedete z Tel Avivu do Jeruzaléma , <<verb:vidíte>> <<prep:podle>> <<f%LOC:cesty>> vojenskou techniku ještě z šestidenní války , která byla v roce 1967 . 	alongside
pdtsc_095_3.06.t##1.8	Na této fotce je kuchyně vinárny , kterou jsme , dokud jsem <<verb:pracovala>> <<prep:v>> <<f%LOC:Aritmě>> , tehdy získali bezúplatným převodem od města . 	within
ln94211_100.t##9.1	Rybář Peter Grimes <<verb:je>> - oproti Crabbeově předloze - <<prep:u>> <<f%LOC:Brittena>> spíše snílek než zlosyn . 	adjacency	regard
mf930709_148.t##7.1	" Japonci chtějí křeslo v Radě bezpečnosti , to není žádné tajemství , a my chceme také jedno , " <<verb:prohlásil>> Kinkel <<prep:před>> <<f%LOC:novináři>> . 	front	idiom
wsj1435.cz.t##23.1	<<prep:V>> <<f%LOC:hantýrce>> vzniklé po zemětřesení <<verb:je>> její dům " červený " . 	within	abstract
wsj1146.cz.t##113.1	Příjem zemědělců se <<verb:pohybuje>> 15 % <<prep:pod>> <<f%LOC:průměrem>> . 	below	quantity
ln94204_105.t##24.1	Když před několika lety antisemité v Paříži zhanobili židovský hřbitov , prezident Mitterand <<verb:kráčel>> po Champs Elysées <<prep:na>> <<prep:čele>> 200000 protestujících <<f%LOC:Francouzů>> . 	foreground
wsj1831.cz.t##4.17	V roli Susie Diamond zvládá každou píseň jako hvězda , jako by <<verb:slyšela>> , jak má píseň znít , <<prep:uvnitř>> své <<f%LOC:hlavy>> a soustředila se na to , aby se její projev shodoval s tímto vnitřním tónem . 	inside	abstract		
pdtsc_095_3.04.t##1.8	Nohy měl pod zadkem těch dvou lidí , kteří <<verb:seděli>> <<prep:uvnitř>> <<f%LOC:auta>> . 	inside
pdtsc_085_1.11.t##41.1	Pak <<verb:šel>> <<prep:v>> <<f%LOC:Nepomuku>> na dráhu jako signalista . 	inside
pdtsc_082_2.09.t##11.1	<<prep:Okolo>> <<f%LOC:Sozopolu>> , kam jsme jezdívali , jsme <<verb:byli>> ubytovaní třeba i pod stany . 	around
faust_2010_07_mu_16.t##32.1	Tyto dveře <<verb:jsou>> <<prep:mimo>> <<f%LOC:provoz>> . 	outside	abstract
wsj2202.cz.t##22.7	Přívrženci obou soupeřících stran <<verb:seděli>> <<prep:vedle>> <<f%LOC:sebe>> na více než 49000 sedadlech oaklandské sportovní arény , povzbuzovali své favority a bučeli na odpůrce , ale alespoň jak jsem mohl pozorovat , nepřátelství nijak nepokročilo . 	beside
ln94203_70.t##6.1	Rasmussen <<verb:je>> <<prep:v>> <<prep:čele>> <<f%LOC:vlády>> od roku 1993 , kdy musela odstoupit konzervativní vláda P . Schlütera . 	foreground	abstract
ln94210_92.t##14.7	Kromě toho dává možnost <<verb:uskutečňovat>> části studijních programů i <<prep:mimo>> stávající vysoké <<f%LOC:školy>> . 	outside	abstract
wsj2364.cz.t##8.6	Ve třetím čtvrtletí předchozího roku , kdy <<verb:byl>> průmysl <<prep:uprostřed>> <<f%LOC:konjunktury>> , měla společnost čistý zisk 61 miliónů dolarů , či 1.70 dolaru na akcii , za obchody ve výši 1.02 miliardy dolarů . 	middle	abstract
ln94205_136.t##42.9	Dejte si pozor , aby se z vás nestali cizinci : <<prep:mezi>> <<f%LOC:nimi>> se též <<verb:nalézá>> mnoho ubožáků , kteří se chovají zpupně jenom proto , že se tu cítí bohatí ! 	ingroup
wsj1140.cz.t##17.1	Společnost Meritor <<verb:je>> <<prep:v>> <<prep:čele>> <<f%LOC:seznamu>> již od května . 	foreground	abstract
ln94210_77.t##6.1	Palestinské zdroje <<prep:mezi>> <<f%LOC:zatčenými>> <<verb:jmenovaly>> předáka organizace šajcha Abdalláha Šamího ( 35 ) a hlavního ideologa skupiny Táhira Muhammada Lulua ( 32 ) . 	ingroup
pdtsc_128_3.10.t##47.2	<<verb:Jsou>> <<prep:mezi>> <<f%LOC:nimi>> někteří dobří , někdy je to úsměvné , někteří měli zajímavější osudy . 	ingroup
mf920922_017.t##8.3	Měnu , která <<verb:je>> <<prep:pod>> silným <<f%LOC:tlakem>> , nemohou nikdy zachránit sami její manažeři . 	below	abstract
wsj2154.cz.t##8.6	" Je to jako <<verb:rýžovat>> zlato <<prep:před>> hlavním <<f%LOC:nádražím>> . 	front
ln95045_025.t##18.1	Bývalá čs . tenistka nyní s australským občanstvím <<verb:reprezentovala>> <<prep:v>> <<f%LOC:Poháru>> federace celé desetiletí ( 1978 - 87 ) , během kterého Československo dosáhlo hattricku ( 1983 - 85 ) . 	event
pdtsc_122_1.08.t##25.10	Byla tam vybetonovaná podlaha , takže to držela , ale <<prep:kolem>> <<f%LOC:prahu>> už to <<verb:prolezlo>> do té hmoty . 	around
wsj1493.cz.t##12.1	<<prep:Uprostřed>> tohoto současného <<f%LOC:zmatku>> se společnost Saatchi <<verb:snaží>> podpořit své obchody s reklamou . 	middle	abstract
ln94203_88.t##24.5	Už to , jak <<prep:u>> <<f%LOC:nás>> tradičně za synonyma <<verb:považujeme>> slova stejného významu , a to , že nemáme ustálený český výraz pro anglické usage ( tedy využití , praktické používání , zacházení , úzus týkající se konkrétně tohoto či onoho slova ) , ukazuje , jak málo dosud myslíme na vyjadřovací praxi . 	adjacency	regard
wsj1314.cz.t##4.1	<<prep:Mezi>> <<f%LOC:investory>> opět <<verb:narůstají>> obavy z recese . 	among	abstract
cmpr9415_025.t##100.2	WC <<verb:je>> často <<prep:mimo>> <<f%LOC:provoz>> 15 	outside	abstract
pdtsc_055_2.01.t##3.5	V Antverpách se mluví vlámsky , protože to <<verb:je>> <<prep:blízko>> <<f%LOC:Holandska>> . 	near
pdtsc_029_2.05.t##1.1	Zase jsem se <<prep:kolem>> <<f%LOC:toho>> <<verb:motal>> . 	around	abstract		
pdtsc_121_2.09.t##47.2	<<prep:Mezi>> <<f%LOC:námi>> <<verb:je>> syn paní Hermanové , té tety , jak u nás všichni léta bydleli . 	among	abstract
wsj2264.cz.t##1.1	Americký novinář nyní <<verb:stojí>> <<prep:před>> <<f%LOC:soudem>> v Namibii . 	front	abstract
wsj0137.cz.t##28.1	Tento index <<verb:skončil>> den <<prep:blízko>> svého <<f%LOC:maxima>> z tohoto burzovního dne ve výši 2163.2 , které bylo oznámeno během poslední půlhodiny obchodování . 	near	quantity
wsj1323.cz.t##37.1	<<prep:Poblíž>> <<f%LOC:pobřeží>> <<verb:jsou>> husté porosty dubu virginského vystřídané bažinami a prériemi . 	near
mf920925_119.t##27.8	Je však pravda , že na stát , který už bezmála dvě století <<verb:stojí>> <<prep:stranou>> evropských i světových <<f%LOC:konfliktů>> , mají Švýcaři překvapivě silnou armádu a ve službě v ní tráví také mnohem více času než leckteří jejich sousedé , již jsou členy NATO . 	outside	abstract
ln94210_34.t##13.3	<<prep:Před>> <<f%LOC:branami>> Evropské unie se <<verb:tlačí>> pět , sedm či dokonce patnáct států , některé chtějí předbíhat , jiné by rády vešly v houfu , všechny ale mají jen jedno společné : tvoří pestrý slepenec národů rozdílných kvalit a úrovní , které ani společný moskevský pán za čtyřicet let k sobě nepřiblížil . 	front	abstract
pdtsc_051_2.06.t##13.2	Tohle <<verb:je>> někde <<prep:poblíž>> Obřího <<f%LOC:dolu>> , nedokážu si to představit , to v pozadí je snad Liščí hora . 	near
ln94211_95.t##126.1	<<prep:Uprostřed>> <<f%LOC:místnosti>> <<verb:stojí>> většinou čtverhranný pult , kde se obsluhuje ze všech stran . 	middle
mf920922_121.t##19.6	Ač nemocen , motivace <<verb:zůstat>> <<prep:v>> <<prep:čele>> <<f%LOC:Francie>> v něm může převážit . 	foreground	abstract
pdtsc_101_1.00.t##22.1	<<prep:Naproti>> <<f%LOC:nám>> <<verb:stojí>> panelové domy . 	opposite
pdtsc_128_3.05.t##35.1	<<verb:Je>> <<prep:mezi>> <<f%LOC:nimi>> rok a tři čtvrtě . 	between	abstract
wsj2054.cz.t##6.9	Poslanec Don Edwards , demokrat za Kalifornii , Allena varoval , že projev by <<verb:byl>> " <<prep:mimo>> <<f%LOC:rámec>> pravomocí komise " . 	outside	abstract
wsj0766.cz.t##1.1	Toni Johnsonová <<verb:natahuje>> krejčovský metr <<prep:podél>> přední <<f%LOC:stěny>> budovy , která kdysi byla majestátním viktoriánským domem . 	alongside
pdtsc_072_2.00.t##37.1	<<prep:Za>> <<f%LOC:tetou>> <<verb:stojí>> moje dcera se svým manželem , já a moje snacha s mojí vnučkou . 	behind
wsj0771.cz.t##52.1	Nyní <<verb:stojí>> <<prep:v>> <<prep:čele>> národní <<f%LOC:bezpečnosti>> právníci . 	foreground	abstract
ln95047_091.t##17.1	V poslední době <<verb:vystupujete>> často při řešení resortních problémů <<prep:po>> <<prep:boku>> <<f%LOC:ministrů>> . 	side	abstract
pdtsc_005_1.03.t##24.2	<<prep:Uprostřed>> <<f%LOC:tábora>> <<verb:je>> vozovka a kolem toho asi tři hlídaná pásma s uzávěry , u každého hlídka . 	middle
ln94203_50.t##4.1	Hlavní líčení ve věci Milana Grondzíka , obviněného z trestného činu hanobení národa , rasy a přesvědčení , <<verb:pokračovalo>> včera <<prep:u>> Okresního <<f%LOC:soudu>> v Hradci Králové . 	within
wsj2415.cz.t##47.3	Myslí , že úroková míra <<verb:je>> <<prep:okolo>> 5 až 6 <<f%LOC:procent>> , tedy o mnoho výše než se většina lidí domnívá . 	around	quantity
wsj1399.cz.t##10.20	Společnost Texaco získala společnost Tana předtím , než dokončila tyto prodeje , protože ropná pole společnosti Tana mají vysokou kvalitu a <<verb:leží>> <<prep:poblíž>> jiných <<f%LOC:polí>> , která již společnost Texaco vlastní , prohlásila mluvčí společnosti . 	near
wsj2104.cz.t##3.1	Tento propad <<verb:následoval>> v pondělí pokles o 56875 dolarů <<prep:uprostřed>> <<f%LOC:náznaků>> , že obnovení kontroly nad společností by mohlo trvat týdny . 	middle	abstract
ln95046_029.t##3.4	Zároveň oznámil , že se <<verb:podrobí>> <<prep:nedaleko>> <<f%LOC:Norimberku>> operaci menisku . 	near
pdtsc_023_3.01.t##27.1	<<prep:Vedle>> <<f%LOC:ní>> <<verb:je>> moje babička , tedy její maminka , která byla už poměrně starší , když se jí moje maminka narodila . 	beside
pdtsc_111_2.04.t##4.9	Hlavně němečtí Židé se tam pak houfně stěhovali , <<verb:bylo>> to <<prep:blízko>> libanonských <<f%LOC:hranic>> . 	near
wsj1618.cz.t##8.4	<<verb:Starat>> se o Světovou sérii <<prep:uprostřed>> <<f%LOC:zkázy>> v oblasti Zálivu způsobené úterním zemětřesením se může zdát nepodstatné , ale název tohoto sloupku je " O sportu " , tudíž cítím povinnost se jí zabývat . 	middle	abstract
wsj1929.cz.t##41.4	" Jaké právo na existenci , " ptal se , " by <<verb:měla>> kapitalistická Německá demokratická republika <<prep:po>> <<prep:boku>> kapitalistické Spolkové <<f%LOC:republiky>> ? " 	side	abstract
wsj0910.cz.t##5.4	" Fakt , že bychom nemuseli <<verb:stát>> <<prep:po>> <<prep:boku>> <<f%LOC:Američanů>> , může být důvodem , proč kanadské členství v OAS nebylo po celé ty roky prioritní položkou americké agendy , " říká Alan Gotlieb , bývalý velvyslanec Kanady ve Spojených státech . 	side	abstract
wsj2170.cz.t##42.5	Profesionálové usilovně doporučují jednotlivcům , aby <<verb:zůstali>> <<prep:stranou>> nejnovější investiční <<f%LOC:módy>> . 	outside	abstract
pdtsc_095_3.07.t##11.1	<<prep:Uvnitř>> těch <<f%LOC:zemí>> jsme <<verb:navštívili>> hlavní a známá města . 	inside
pdtsc_144_3.02.t##24.6	Půjčili jsme si motorový člun a <<verb:jezdili>> jsme <<prep:po>> tom <<f%LOC:fjordu>> . 	area
wsj1660.cz.t##16.3	" Často <<verb:jsou>> jenom přes ulici , <<prep:naproti>> <<f%LOC:sobě>> , " řekl Thompson . 	opposite
ln94200_119.t##17.20	Letectvo a zachránci z britské pobřežní stráže včera uskutečnili dvě úspěšné operace a evakuovali cestující a posádky ze dvou lodí , které začaly <<verb:hořet>> <<prep:nedaleko>> britských <<f%LOC:břehů>> . 	near
pdtsc_063_2.07.t##5.11	Jsou tam uličky , že po silnici projede jenom jedno auto , víc se jich tam <<prep:vedle>> <<f%LOC:sebe>> <<verb:nevejde>> . 	beside
ln95049_126.t##30.11	Tím se mělo stát páteční skončení platnosti některých mimoburzovních opcí a tak se obchodníci až do posledního dne <<verb:drželi>> spíše <<prep:stranou>> <<f%LOC:obchodování>> . 	outside	abstract
pdtsc_143_3.05.t##35.2	<<verb:Vozili>> nás <<prep:po>> svých oblíbených vinných <<f%LOC:sklípcích>> a jezdili s námi na místa , která měli rádi . 	distr
wsj1473.cz.t##19.1	Postavy <<verb:stojí>> <<prep:tváří>> <<prep:v>> <<prep:tvář>> <<f%LOC:světu>> , ve kterém se zdá být stále těžší najít " střední cestu " mezi extrémy úspěchu a neúspěchu , bohatství a chudoby . 	facing	abstract
ln94206_88.t##32.1	<<prep:V>> <<f%LOC:polosvětě>> mlh <<verb:vzbudila>> pobouření . 	inside	abstract		
pdtsc_055_2.00.t##46.1	Vnučka <<verb:měla>> <<prep:před>> <<f%LOC:sebou>> cestu do Ameriky . 	front	abstract
pdtsc_101_1.09.t##38.2	Protože tam <<prep:nedaleko>> <<f%LOC:nás>> <<verb:padla>> bomba , tak ji ta vzduchová vlna úplně ohlušila a několik měsíců vůbec neslyšela . 	near
ln94202_118.t##3.1	Fotbalista FC Porto a portugalský reprezentant Rui Filipe <<verb:zahynul>> při autonehodě <<prep:poblíž>> severoportugalského <<f%LOC:města>> Oporta . 	near
wsj1870.cz.t##103.2	Centrum zemětřesení o síle 6.9 stupně Richterovy škály <<verb:leželo>> 50 mil směrem na jih <<prep:poblíž>> <<f%LOC:města>> Santa Cruz , ale k prvnímu velkému úderu došlo zde na Nimitzově dálnici , hlavní tepně , která mostem Bay Bridge spojuje Oakland a San Francisko . 	near
pdtsc_058_3.00.t##28.12	Později už přestala plést , ale zase se vrátila do cukrovaru , kde o kampani ( dva kampaňové měsíce ) <<verb:dělala>> například <<prep:u>> <<f%LOC:plničky>> kostkového cukru . 	within
wsj1122.cz.t##24.1	Jejich dluh <<verb:bude>> značně <<prep:pod>> <<f%LOC:hranicí>> 1 milionu dolarů - při půjčce na nabytí , výstavbu nebo rekonstrukci domu - , která opravňuje k odpočtu hypotečních úroků . 	below	quantity
wsj0814.cz.t##77.1	<<prep:Uvnitř>> skleněného výstavního <<f%LOC:komplexu>> o 156000 čtverečních yardech jsou <<verb:vystaveny>> výrobky od oděvů po samopaly AK - 47 . 	inside
wsj1884.cz.t##12.3	V důsledku zemětřesení , které <<verb:vyřadilo>> z provozu elektrickou a telefonní síť <<prep:po>> celé <<f%LOC:oblasti>> zálivu , navíc byla snížena aktivita v mnoha makléřských domech v San Francisku . 	area
pdtsc_032_2.04.t##30.2	Bolechov <<verb:byl>> celkem <<prep:blízko>> <<f%LOC:hranic>> , ale tam kupodivu nebyl veden hlavní nápor . 	near
pdtsc_144_3.05.t##39.1	<<verb:Měl>> jste hada také <<prep:kolem>> <<f%LOC:krku>> ? 	around
pdtsc_075_2.02.t##15.7	Taková ta rostlejší děvčata , co <<verb:jsou>> <<prep:po>> <<f%LOC:straně>> , ta už potom šla do měšťanky . 	side
wsj1455.cz.t##46.1	Ekonomové a administrátoři <<verb:sedí>> <<prep:podél>> " <<f%LOC:bulváru>> " s pouličními lampami a stromky fíkusů . 	alongside
pdtsc_062_2.02.t##10.2	<<prep:Za>> tou <<f%LOC:cedulí>> <<verb:šli>> všichni cvičenci , takže komunisti přesně věděli , co tam kdo vykřikoval , když si to fotili . 	behind		other	
wsj2342.cz.t##1.2	<<prep:Uprostřed>> <<f%LOC:řady>> padajících akcií <<verb:zažila>> společnost Relational Technology Inc . obzvlášť krutý pátek , když její akcie spadly o 23 % , neboť její problémy byly ještě znásobeny prozrazením neočekávané ztráty za první fiskální čtvrtletí . 	middle	abstract
pdtsc_126_2.11.t##11.1	Tady <<verb:jsme>> <<prep:okolo>> <<f%LOC:Hradce>> , ( vzadu za mnou je moje paní ) , s těmi Hradečáky , jak k nim jezdíme . 	around
ln94208_91.t##5.17	Možná i rodné město jednou vyvolá svého básníka jménem , prohlásil po válce František Halas na adresu nadaného mladíka , jehož dílo vyzrálo v čekání daném napospas , v době , kdy Čechy <<prep:za>> <<f%LOC:oknem>> smutných duší <<verb:spravovaly>> protektorátní loutky . 	behind	abstract
wsj2102.cz.t##3.2	Chvění <<verb:mělo>> epicentrum <<prep:blízko>> <<f%LOC:Hollisteru>> , jihovýchodně od San Francisca a bylo pociťováno až na 200 mil daleko . 	near
pdtsc_085_1.07.t##4.1	<<prep:Naproti>> <<f%LOC:nám>> <<verb:vystěhovali>> paní , které mně bylo tehdy strašlivě líto . 	opposite
pdtsc_115_3.06.t##18.11	Chodily jsme ještě s mojí spolužačkou pěšky a potkávaly různé lidi , kteří <<verb:šli>> <<prep:proti>> <<f%LOC:nám>> . 	opposite
ln94209_56.t##9.1	<<prep:Před>> <<f%LOC:bránou>> slovenského velvyslanectví v Praze <<verb:je>> stále plno . 	front
pdtsc_142_3.06.t##18.2	<<prep:Za>> tou <<f%LOC:postavou>> <<verb:je>> nějaký stan , ale vadí tam ostatní figury , takže tam do toho stanu není dost dobře vidět . 	behind
ln94209_39.t##14.1	Na rozdíl od přípravného řízení Jindřich S . <<prep:před>> <<f%LOC:soudem>> poprvé <<verb:uvedl>> skutečnost , že ho majitel bytu osahával , svlékal a pohlavně zneužil . 	front	abstract
lnd94103_086.t##31.16	Třicetiletá scenáristka z New Yorku si stále živě vzpomíná na svou první omamnou noc : " <<verb:Tancovala>> jsem sama <<prep:uprostřed>> nacpaného <<f%LOC:obýváku>> plného světel a hřmotu a nemohla jsem být šťastnější . " 	middle
pdtsc_053_2.05.t##26.2	<<prep:Pod>> <<f%LOC:nimi>> <<verb:je>> bratr maminky z Přerova a ještě jsou tam tři děti . 	below
ln94207_109.t##7.1	<<prep:Mezi>> <<f%LOC:tématy>> řady přednášek se <<verb:objevuje>> psychoanalýza , egyptologie , keltská kultura a mnohé další . 	ingroup
pdtsc_078_3.01.t##17.1	Co <<verb:vidíme>> <<prep:na>> této <<f%LOC:fotografii>> ? 	inside
wsj0800.cz.t##52.1	<<prep:Nad>> cihlovou <<f%LOC:zdí>> obklopující jeho nemovitost se <<verb:tyčí>> okázalá bílá sloupová hala s vitrážovým oknem . 	above
pdtsc_061_3.06.t##27.1	<<verb:Byla>> jsem <<prep:pod>> <<f%LOC:antibiotiky>> . 	below	idiom	below	abstract
pdtsc_090_1.02.t##29.6	Bylo to ale vděčné téma , protože i příroda tady <<prep:okolo>> <<f%LOC:obce>> Ostrov <<verb:je>> zajímavá . 	around
pdtsc_038_1.02.t##41.7	Tady je schovaná moje žena a <<prep:před>> <<f%LOC:ní>> <<verb:stojí>> jubilantka Romanka . 	front
pdtsc_082_2.03.t##35.2	<<prep:Okolo>> <<f%LOC:Sicílie>> , tam jsem byl taky asi dvakrát , <<verb:je>> Tyrhénské nebo Středozemní moře , zespoda Itálie Jónské moře , z druhé strany máte Jadran . 	around
faust_2010_07_jh_09.t##34.5	restriktivní fiskální politika , když <<verb:je>> ekonomika <<prep:nad>> plnou <<f%LOC:zaměstnaností>> 	above	abstract
ln94206_91.t##6.1	Poslední srpnový víkend se měl <<verb:konat>> <<prep:nedaleko>> <<f%LOC:Sedlčan>> rockový maratón - největší rocková akce letošní sezóny , na které mělo zahrát více jak osmdesát skupin , z toho několik ze zahraničí . 	near
pdtsc_081_3.00.t##45.9	To je fotografie z pobytu důchodců v Nové Vsi pod Přimdou , to <<verb:je>> <<prep:blízko>> <<f%LOC:hranic>> . 	near
mf930713_162.t##4.5	Š . S . ( 1940 ) ležel <<verb:ukryt>> <<prep:pod>> <<f%LOC:hadry>> téměř dva měsíce . 	below
pdtsc_134_3.05.t##48.8	Jinak byly většinou z ping - pongu , <<verb:jezdili>> jsme <<prep:po>> <<f%LOC:turnajích>> a bylo to moc pěkné . 	distr
wsj0437.cz.t##7.1	Nákupy mincovny <<verb:byly>> s ážiem kolem 4 1 / 2 centu na libru <<prep:nad>> příslušnými <<f%LOC:cenami>> mědi . 	above	quantity		
wsj2331.cz.t##37.2	Bozell Cheil Corp . , jak se bude nová agentura nazývat , bude <<verb:mít>> sídlo <<prep:v>> <<f%LOC:Soulu>> a 70 % bude vlastnit společnost Samsung a 30 % bude vlastnit společnost Bozell . 	inside
ln94205_72.t##5.8	Dneska se u nás firmy o zakázky perou a když se vyskytne tučné sousto , jakým je téměř jedenapůlmiliardová zakázka na rekonstrukci Obecního domu , <<verb:nezůstává>> <<prep:stranou>> <<f%LOC:strkanice>> ani tisk . 	outside	abstract
ln94208_40.t##1.1	Památník obětem komunistického režimu z let 1948 až 1989 <<verb:odhalili>> v sobotu <<prep:nedaleko>> <<f%LOC:baziliky>> Panny Marie na moravském vrchu Hostýně . 	near
ln95047_055.t##15.15	Suvorov tento trend dokonce porovnává s nacistickými plány vůči zemím západní a severní Evropy a ( dosti podloženě ) <<prep:mezi>> <<f%LOC:nimi>> <<verb:neshledává>> podstatnější rozdíl . 	between	abstract
pdtsc_047_1.12.t##39.1	<<verb:Jezdím>> i tady , když napadne sníh , <<prep:v>> <<f%LOC:lese>> po cestě k Třemošné . 	inside
ln95045_016.t##7.1	<<prep:Uvnitř>> <<f%LOC:Rady>> samé <<verb:zuří>> dost tuhý boj o pozice v tzv . letištní partě . 	inside	abstract
pdtsc_085_1.08.t##10.2	<<prep:Vedle>> <<f%LOC:ní>> <<verb:je>> syn Jaromír a pak jsou jejich synové Vojtěch a Jakub . 	beside
ln94204_140.t##32.1	<<prep:V>> <<prep:čele>> <<f%LOC:rezortu>> se za čtyři roky <<verb:vystřídalo>> sedm ministrů . 	foreground	abstract
pdtsc_090_1.03.t##45.1	<<prep:Vedle>> <<f%LOC:ní>> <<verb:je>> potom mladší dcera Marta . 	beside
pdtsc_127_1.02.t##13.2	<<verb:Bydlí>> <<prep:nedaleko>> <<f%LOC:nás>> , takže se o ni staráme . 	near
ln95048_062.t##12.1	Neblahé stigma Ježíšova zrádce jako by se <<prep:nad>> církevním <<f%LOC:majetkem>> <<verb:vznášelo>> dodnes . 	above	abstract
ln95048_115.t##11.1	Trup byl <<verb:nalezen>> o 100 kilometrů dále <<prep:poblíž>> železničního <<f%LOC:mostu>> u města Kafr az - Zajját v nilské deltě . 	near
wsj0241.cz.t##1.54	Pět představitelů této společnosti zabývající se investičním bankovnictvím bylo zvoleno za členy správní rady : E . Garrett Bewkes III . , 38 letý vrchní ředitel oddělení fúzí a akvizic ; Michael R . Dabney , 44 let , vrchní ředitel , který řídí skupinu hlavních činností , jež poskytuje prostředky na akvizice na dluh ; Richard Harriton , 53 let , hlavní partner , který <<verb:je>> <<prep:v>> <<prep:čele>> <<f%LOC:zprostředkování>> clearingových služeb ; Michael Minikes , 46 let , hlavní partner , který je pokladníkem ; a William J . Montgoris , 42 let , hlavní partner , který je také hlavním viceprezidentem pro finance a finančním ředitelem . 	foreground	abstract
wsj0439.cz.t##41.4	Gorbačov ale musí zajistit , aby podnikový sektor <<verb:zůstal>> <<prep:uvnitř>> této " <<f%LOC:aliance>> " podřízen straně . 	inside	abstract
wsj2161.cz.t##4.1	Místnost , o kterou se jedná , <<verb:je>> ředitelský salónek společnosti H . J . Heinz Co . , 60 pater <<prep:nad>> pittsburským <<f%LOC:shonem>> . 	above
pdtsc_115_3.06.t##19.5	Mezi námi byli študáci , ale <<prep:proti>> <<f%LOC:nám>> <<verb:chodili>> už dospělí lidi . 	opposite	abstract	opposite	abstract
pdtsc_138_3.07.t##5.2	Ráda jsem <<verb:byla>> <<prep:mezi>> <<f%LOC:děvčaty>> a protože jsem se vyučila prodavačkou , tak to i bylo v mojí kompetenci , nebo jak bych to řekla . 	among	abstract
wsj1171.cz.t##21.15	Zpráva o akciích společnosti UAL již způsobila prodejní horečku na takzvaném třetím trhu , kde firmy <<verb:kupují>> a prodávají akcie <<prep:mimo>> burzovní <<f%LOC:halu>> . 	outside
pdtsc_104_3.01.t##29.8	Mlátička je vzadu a toto jsou lidé , kteří <<prep:okolo>> <<f%LOC:toho>> museli <<verb:pracovat>> . 	around	regard
faust_2010_07_mu_17.t##5.15	X 1 i , X 1 j jsou ve vztahu jedna ku jedné nezávisle na tom , která se otočí , kvazi Lorenzova křivka a rovnoběžka se <<prep:v>> mnoha <<f%LOC:bodech>> <<verb:protínají>> . Nyní , A se rovná algebraickému součtu různých bodů propojených kvazi Lorenzovou křivkou a rovnoběžkou , viz . obrázek 4 . Podobně jako v první situaci a v druhé situaci může být dokázáno , že 	inside
cmpr9413_004.t##5.1	Roční obrat společnosti se <<verb:pohybuje>> <<prep:kolem>> 180 <<f%LOC:milionů>> dolarů . 	around	quantity
pdtsc_142_3.03.t##4.1	Gendarmerie Nationale , to <<verb:je>> <<prep:blízko>> <<f%LOC:moře>> . 	near
wsj1047.cz.t##15.1	Ale <<verb:je>> to ještě <<prep:v>> raném <<f%LOC:stádiu>> . " 	inside	abstract	event
pdtsc_088_1.03.t##24.2	<<prep:Vedle>> <<f%LOC:ní>> <<verb:sedí>> Petr Fing , teď je kapelníkem v Praze . 	beside
wsj0766.cz.t##2.1	<<prep:Podél>> severní <<f%LOC:stěny>> se totiž <<verb:táhne>> hluboká prasklina , která se objevila , když se dům při zemětřesení v minulém týdnu odchýlil půl metru od základů . 	alongside
ln94206_77.t##10.1	<<prep:Nad>> <<f%LOC:Sarajevem>> byl včera <<verb:zasažen>> třemi dávkami z malé ruční zbraně vrtulník OSN . 	above
ln94210_146.t##22.1	<<prep:Mezi>> <<f%LOC:tvůrci>> zákonné normy <<verb:panuje>> podle Luxe shoda v tom , že zákon bude jasně definovat volný vstup veřejnosti do lesa a možnost sběru lesních plodů pro vlastní potřebu . 	among	abstract
wsj1824.cz.t##44.1	<<prep:Na>> tomto <<f%LOC:účtu>> <<verb:je>> nyní 220 milionů dolarů . 	inside	abstract	within	abstract
pdtsc_063_2.06.t##30.9	Vzal jsem kapesník a ukazoval jsem je malým dětem , co <<verb:byly>> <<prep:okolo>> <<f%LOC:nás>> . 	around
pdtsc_033_2.00.t##45.1	<<prep:Kolem>> <<f%LOC:mě>> z našich kluků nikdo <<verb:nepadnul>> , protože jsme se jako minometníci do přímého kontaktu s nepřítelem u Sokolova nedostali . 	around	abstract
wsj0985.cz.t##4.17	Anglická banka měla na druhou stranu rezervy ve zlatě , které v průměru činily jen 30 % měny v oběhu , a bankovky Anglické banky se <<verb:přijímaly>> <<prep:po>> celém <<f%LOC:světě>> . 	area
wsj1101.cz.t##21.15	Izrael tvrdil , že proto , aby splnil americká kritéria , uvedl pouze ty incidenty , které se týkaly civilistů a <<verb:udály>> se <<prep:uvnitř>> <<f%LOC:hranic>> platných před rokem 1967 . 	inside
pdtsc_144_3.01.t##24.1	<<prep:Vedle>> <<f%LOC:mě>> <<verb:je>> členka naší skupiny . 	beside
ln94206_86.t##7.10	Učinil tak v obavě , aby se jej nezmocnili jugoslávští partyzáni , kteří <<verb:operovali>> <<prep:podél>> horských <<f%LOC:průsmyků>> . 	alongside
wsj1778.cz.t##141.2	<<prep:Blízko>> <<f%LOC:restaurace>> Chez Pannisse se <<verb:vzbudil>> párek bezdomovců zachumlaný v modrém spacáku , řekli si : " Dobré ráno , " a žena se potom usmála a řekla : " Není to prostě prima být na živu ? " 	near
wsj0403.cz.t##2.14	Problémy v letectví , ač často děsivé , jsou pro nás nyní k popukání , když spatříme pasti na čarodějnice , jež <<verb:jsou>> <<prep:kol>> <<f%LOC:letiště>> k mání . 	around
mf920922_001.t##9.1	<<prep:Nedaleko>> <<f%LOC:skladu>> tabákových výrobků v Zábřehu v okrese Šumperk bylo <<verb:nalezeno>> deset balíků cigaret Marlboro za čtvrt miliónu korun . 	near
wsj2104.cz.t##1.1	Akcie společnosti UAL Corp . <<verb:čelily>> neustále těžkým zásahům <<prep:uprostřed>> <<f%LOC:znamení>> svědčících o tom , že společnost British Airways by se mohla vzepřít jakémukoli pokusu o ukvapené přeformulování podmínek zrušeného výkupu akcií této společnosti , která je mateřskou společností United Airlines , v hodnotě 6 , 79 miliard dolarů . 	middle	abstract
wsj2153.cz.t##49.17	Producenti se snaží odlišit i tím , že se soustředí na ziskovější výrobu , jako například potahované a elektrogalvanizované produkty , které <<verb:zůstávají>> <<prep:mimo>> <<f%LOC:dosah>> malých oceláren . 	outside	abstract
wsj1019.cz.t##1.20	Očekává se , že Newyorská burza cenných papírů ( NYSE ) dnes předvede vlastní nástroj programem řízeného obchodování , <<prep:kolem>> <<f%LOC:kterého>> se <<verb:stupňují>> spory . 	around	regard
ln95047_090.t##11.8	Psovod totiž tuto zkoušku provádí tak , že <<verb:manipuluje>> s pachovými konzervami <<prep:před>> <<f%LOC:psem>> a za to , že něco najde , ho odmění . 	front
ln94209_59.t##11.1	Celková částka se bude <<verb:pohybovat>> <<prep:kolem>> jedné <<f%LOC:miliardy>> korun 	around	quantity
pdtsc_076_1.06.t##37.4	Tohleto , co je <<verb:vidět>> <<prep:na>> <<f%LOC:obrázku>> , je zámečnická dílna . 	inside
pdtsc_095_3.05.t##8.8	Na této fotce jsem na návštěvě u nové známé , která <<verb:pracovala>> <<prep:poblíž>> mého <<f%LOC:bydliště>> . 	near
ln95048_051.t##94.1	I v Emali se <<prep:kolem>> naší exoticky bílé <<f%LOC:skupinky>> <<verb:seběhne>> houf . 	around
pdtsc_083_2.05.t##25.2	<<prep:Okolo>> <<f%LOC:vody>> <<verb:je>> udělaná cyklostezka , jsou tam pěkně upravené plochy a je tam několik malých hospůdek . 	around
mf930709_021.t##5.3	Lidé , kteří <<verb:bydlí>> <<prep:v>> <<prep:blízkosti>> <<f%LOC:závodu>> , si od té doby stěžují na zdravotní potíže . 	near
ln94206_9.t##19.1	V současné době se <<verb:pohybuje>> <<prep:kolem>> <<f%LOC:hodnoty>> 1380 korun . 	around	quantity
wsj1459.cz.t##2.7	Burke je nástupcem Richarda D . Manleyho , který <<prep:u>> <<f%LOC:společnosti>> <<verb:zůstane>> jako konzultant . 	adjacency	abstract
ln94210_127.t##15.3	Kdyby mi před rokem někdo předpověděl , že budu na kurtě žertovat , nevěřila bych mu , přiznává Pierceová , která <<prep:po>> <<prep:boku>> <<f%LOC:Jensenů>> značně <<verb:pookřála>> ( např . divákovi v první řadě nečekaně ujedla z jeho kelímku s popcornem ) , i když občas je její veselost křečovitě předstíraná . 	side	abstract
pdtsc_076_1.06.t##43.6	Pak je tam truhlárna a <<prep:za>> <<f%LOC:truhlárnou>> <<verb:je>> dřevěná kůlna , kde se skladují laťky , prkna a podobně , protože je suchá . 	behind
wsj2384.cz.t##32.1	V tom případě <<prep:okolo>> <<f%LOC:toho>> <<verb:bude>> mnoho obviňování . 	around	regard
pdtsc_057_2.02.t##35.15	Tato fotka je právě z Chebu , kde jsem si při fotbalu udělal silný výron v kotníku a <<verb:mám>> nohu <<prep:v>> <<f%LOC:sádře>> . 	inside
wsj0537.cz.t##15.1	Mezitím <<prep:uvnitř>> soudní <<f%LOC:síně>> soudce <<verb:řekl>> , že uloží právníkům obou věřitelů pokutu 50 dolarů pokaždé , když se o tom druhém zmíní s použitím takového výrazu , jako je " lhář " nebo " sliz . " 	inside
ln95049_077.t##6.7	Dohodu za USA podepsala Charlene Barshefská , která <<verb:stojí>> <<prep:v>> <<prep:čele>> americké <<f%LOC:delegace>> , a za čínskou stranu náměstek ministra obchodu Sun Žen - žu . 	foreground	abstract
pdtsc_059_2.03.t##44.2	<<prep:Vedle>> <<f%LOC:bratra>> <<verb:je>> domeček , je vidět jenom konec . 	beside
wsj1617.cz.t##2.1	Střediska <<prep:po>> celé <<f%LOC:zemi>> <<verb:využívají>> všechno možné od ohňostrojů po koncerty vážné hudby , aby přilákala nové zákazníky . 	area
wsj2361.cz.t##46.16	Zrovna minulý týden Řecko poprvé povolilo dvě komerční stanice ; Španělsko již dříve začalo <<verb:povolovat>> komerční televize <<prep:po>> <<prep:boku>> svých státních <<f%LOC:kanálů>> . 	side	abstract
wsj1099.cz.t##75.1	Skutečně , když se Bushova administrativa letos v létě konečně rozhodla obnovit dovozní kvóty - možná nejdůležitější rozhodnutí , které během pěti let ovlivní ocelářský průmysl - <<verb:letěl>> právě Corry a jeho ředitelé v helikoptérách <<prep:nad>> bohatými ropnými <<f%LOC:zásobami>> patřícími společnosti Marathon v Severním moři . 	above
pdtsc_132_2.05.t##18.8	Pamatuju si , že když jsme jeli kotvou nahoru , jak jsme <<verb:byly>> <<prep:vedle>> <<f%LOC:sebe>> , tak sem ji zkoušela násobilku . 	beside
pdtsc_092_2.07.t##42.1	Nějaká stará paní tam <<verb:stála>> <<prep:před>> <<f%LOC:statkem>> . 	front
pdtsc_121_2.08.t##22.1	<<prep:Naproti>> <<f%LOC:nám>> <<verb:byly>> dvě místnosti , kde bydlela tato Libuška se svým bratrem Miloslavem , maminkou a tatínkem . 	opposite
wsj1435.cz.t##8.4	- Mladá žena , která <<verb:byla>> <<prep:mimo>> <<f%LOC:město>> , se objevuje u školy Marina Middle School a zjišťuje , že její byt je na seznamu objektů určených k demolici . 	outside
ln95045_096.t##3.1	Asi na čtyři hodiny <<verb:zablokovali>> včera řidiči kamiónů <<prep:poblíž>> <<f%LOC:obce>> Draženov silnici vedoucí k hraničnímu přechodu Folmava . 	near
pdtsc_124_3.00.t##34.12	Jak už jsem říkal : proti mně je moje matka , <<prep:proti>> <<f%LOC:ní>> <<verb:je>> teta Anna , to je sestra otce mé matky . 	opposite
pdtsc_070_2.05.t##2.2	<<verb:Jezdí>> mi to <<prep:pod>> <<f%LOC:barákem>> a jenom to hučí . 	below
pdtsc_027_1.09.t##47.2	<<verb:Je>> to <<prep:blízko>> <<f%LOC:Kotvy>> , tam si zajdem na kafe . 	near
pdtsc_086_1.00.t##21.1	Když se vyučila , tak <<verb:šila>> <<prep:po>> <<f%LOC:domech>> . 	distr
wsj2106.cz.t##2.8	Přitahuje lidi s legračními účesy ( nebo bez účesů - dívka přede mnou s kadeřemi jako hřebíky <<verb:seděla>> <<prep:vedle>> <<f%LOC:mladíka>> , který si ty svoje zase oholil ) . 	beside
ln95049_003.t##12.2	Kdyby <<verb:zůstaly>> <<prep:stranou>> informační <<f%LOC:dálnice>> , dále by se zpomalil jejich ekonomický růst . 	outside	abstract
wsj2361.cz.t##17.10	To , že to vypadá jako celkem slabý materiál , <<prep:okolo>> <<f%LOC:kterého>> se mají <<verb:vztyčovat>> ochranné bariéry , tak to může být proto , že tyto pořady potřebují všechnu možnou ochranu . 	around	regard
pdtsc_107_3.09.t##15.6	K budově jste nesměli zajet , muselo to <<verb:být>> chráněné <<prep:za>> <<f%LOC:rohem>> . 	behind
wsj1309.cz.t##10.17	Hasičům ztěžovalo práci porušené vodovodní potrubí a úniky plynu , ale včera pozdě večer úřady oznámily , že <<verb:mají>> požár <<prep:pod>> <<f%LOC:kontrolou>> . 	below	idiom
wsj1857.cz.t##33.1	<<prep:Mezi>> <<f%LOC:akciemi>> pojišťoven velmi <<verb:stouply>> akcie společnosti American International Group s nárůstem o 3.25 dolaru na 102625 dolaru , společnosti General Re Corp . s nárůstem o 2.75 dolaru na 86.50 dolaru , společnosti Aetna s nárůstem o 2375 dolaru na 59.50 dolaru a společnosti Marsh & McLennan Inc . s nárůstem o 3125 dolaru na 75875 dolaru . 	ingroup
ln95048_124.t##14.14	Daniel Kroupa , místopředseda ODA : Žádnou vojenskou hodnost nemám , neboť <<prep:na>> <<f%LOC:vojně>> jsem <<verb:nebyl>> . 	event
pdtsc_084_2.02.t##35.5	Bydleli v jediném domě , který kdysi <<verb:stál>> <<prep:naproti>> <<f%LOC:Edenu>> . 	opposite
ln94209_99.t##10.13	Opavský Gürtler soupeře po utkání chválil : Jsem rád , že <<verb:máme>> zápas <<prep:za>> <<f%LOC:sebou>> . 	behind	abstract	behind	idiom
wsj1309.cz.t##7.12	Tento závod na výrobu plastů se nachází na 800 akrové ploše v srdci petrochemického koridoru , který se <<verb:táhne>> <<prep:podél>> amerického <<f%LOC:pobřeží>> Mexického zálivu . 	alongside
wsj0566.cz.t##10.27	V květnu společnost spojila své skupiny pro letectví a elektroniku , přičemž nová skupina pro obranu a letectví bude zahrnovat divizi letectví a elektroniky a moderní technické systémy a obě divize budou <<verb:mít>> sídlo <<prep:poblíž>> <<f%LOC:Seattlu>> , divize helikoptér Boeing ve Filadelfii , divize bojových letounů Boeing ve městě Wichita v Kansasu a divize ArgoSystems ve městě Sunnyvale v Kalifornii . 	near
ln94200_159.t##34.17	Přenechávají volné pole konkurenci - Látal odešel do Schalke 04 , Hogen se Šmejkalem jsou ve Slavii , Poborský <<verb:září>> <<prep:na>> <<f%LOC:Žižkově>> . 	inside
wsj1461.cz.t##7.1	<<prep:V>> <<prep:čele>> <<f%LOC:společnosti>> Comsat Video <<verb:stojí>> Robert Wussler , který před pouhými dvěma týdny rezignoval z výkonného postu číslo dvě u společnosti Turner Broadcasting System Inc . , aby zaujal tuto pozici ve společnosti Comsat . 	foreground	abstract
pdtsc_024_3.10.t##28.10	Já , protože jsem vážila 42 kilo , jsem si na ty hůlky sedla , <<verb:vzala>> jsem je <<prep:okolo>> <<f%LOC:krku>> a ony mě ten úsek poponesly . 	around
wsj0994.cz.t##35.20	Společnost Caesars World Inc . si hodlá zachovat svoji důstojnou pověst tím , že do svého okázalého hotelu s kasinem Caesars Palace , který <<verb:stojí>> hned <<prep:vedle>> nové <<f%LOC:stavby>> Mirage , investuje 190 milionů dolarů a za 100 milionů dolarů dokončí obchodní centrum , které připomíná čtvrť Rodeo Drive . 	beside
wsj1140.cz.t##21.1	Kromě toho mohou být změny v počtech akcií prodaných nakrátko <<prep:u>> některých <<f%LOC:emisí>> <<verb:způsobeny>> arbitráží . 	adjacency	regard
ln94209_56.t##27.8	Z předměstí se stalo Slovenské Nové Mesto a tak dědečkova rodina <<verb:zůstala>> <<prep:za>> <<f%LOC:kolejemi>> . 	behind
wsj0118.cz.t##7.14	Samotné programové obchodování je podle řady akademiků , kteří se jím podrobně zabývali , jen <<verb:přistiženo>> <<prep:uprostřed>> <<f%LOC:bitvy>> a neprávem označováno za zlomyslnou hnací sílu trhu . 	middle	abstract
pdtsc_037_1.01.t##28.8	Na těch dvou mladých , kteří <<verb:byli>> <<prep:pod>> těmi <<f%LOC:čísly>> , nebylo vidět , že jeden neuměl německy a druhý mluvil jidiš . 	below	abstract		
pdtsc_142_3.01.t##16.7	Právě ta , co <<verb:sedí>> tady <<prep:vedle>> <<f%LOC:mě>> , ta šedovlasá , a pak ta poslední vlevo , s těmi jsme více přítelkyně než jen známé z Klubu . 	beside
wsj2061.cz.t##31.1	<<prep:Stranou>> počítačově řízeného <<f%LOC:obchodování>> <<verb:utrpěly>> porážku i akcie leteckých společností . 	outside	abstract
wsj0911.cz.t##10.7	Mějte na paměti , že se jedná o stejný film , <<prep:v>> <<f%LOC:němž>> hrdinu <<verb:přejede>> parní válec jen proto , aby se za chvilku postavil a podíval se - zvenku - do okna startujícího Boeingu 747 . 	inside	abstract
pdtsc_127_1.05.t##17.6	Je to moderní velkoměsto a <<prep:mezi>> <<f%LOC:tím>> <<verb:je>> ta historie . 	between	abstract		
wsj0671.cz.t##57.16	Kroky společnosti Nippon Kangyo zmátly obchodníky a způsobily chaos mezi potenciálními investory , z nichž se mnozí rozhodli <<verb:zůstat>> <<prep:stranou>> <<f%LOC:trhu>> . 	outside	abstract
cmpr9415_048.t##46.1	<<prep:Po>> <<f%LOC:řediteli>> <<verb:jsou>> hned mistři s manažérskými platy . 	side	abstract	other	
pdtsc_065_2.11.t##24.1	<<verb:Je>> přímo <<prep:u>> <<f%LOC:lesa>> . 	adjacency
wsj0567.cz.t##3.1	Spojené státy <<verb:jsou>> <<prep:pod>> <<f%LOC:tlakem>> několika členů skupiny Cocom , především Francie , Západního Německa a Itálie , aby zmírnily omezení na některé druhy obráběcích strojů , které jsou podle těchto zemí nyní široce dostupné zemím východního bloku ze států , které nejsou členy skupiny Cocom . 	below	abstract
ln94211_87.t##29.9	V Sarajevu dnes částečně pracuje pouze několik podniků , průměrný plat se <<verb:pohybuje>> v přepočtu <<prep:okolo>> deseti <<f%LOC:marek>> . 	around	quantity
wsj0089.cz.t##45.16	C . J . B . Marshall , farář z nedalekého kostela , má však pocit , že problém tkví ve schodech ze zvonice , které jsou <<verb:umístěny>> <<prep:blízko>> <<f%LOC:oltáře>> . 	near
wsj1394.cz.t##18.1	V závislosti na výsledku může <<verb:stát>> spojená společnost na podzim <<prep:tváří>> <<prep:v>> <<prep:tvář>> odborovým <<f%LOC:volbám>> leteckých mechaniků , pracovníků nakládacích ramp , skladníků a letových dispečerů . 	facing	abstract
ln94202_85.t##19.2	Pokud <<verb:byl>> filtr delší dobu <<prep:mimo>> <<f%LOC:provoz>> , doporučuje se až dvacetiminutový proplach . 	outside	abstract
pdtsc_090_1.02.t##21.1	<<prep:Poblíž>> <<f%LOC:chaty>> , která je v extra plánu obce Ostrov , <<verb:je>> tento rybník . 	near
ln94205_130.t##6.1	<<prep:Nedaleko>> Teplicko - adršpašských <<f%LOC:skal>> to <<verb:byla>> zároveň na řadu týdnů poslední příležitost s ním pohovořit . 	near
pdtsc_138_3.05.t##1.1	Ano , to <<verb:je>> vyfocené <<prep:u>> <<f%LOC:nás>> doma o Vánocích . 	within
wsj1263.cz.t##10.3	<<verb:Je>> právě <<prep:uprostřed>> <<f%LOC:změn>> , " poznamenala . 	middle	abstract
ln95048_038.t##3.21	A to hned z mnoha důvodů : za prvé jsem se naprosto polekal , že na to se svou filozofickou erudicí nebudu mít , za druhé jsem se <<verb:ocitl>> <<prep:tváří>> <<prep:v>> <<prep:tvář>> až goethovské <<f%LOC:velikosti>> ducha , která mi ubírala odvahu k posuzování , za třetí na mě čišela životní zkušenost , před níž jsem si s tou vlastní ( ač také přebohatou ) připadal jako zelenáč . 	facing	abstract
wsj0445.cz.t##74.3	<<prep:V>> <<f%LOC:Japonsku>> " <<verb:je>> software čtyři až pět let za USA , protože hardware zaostává o čtyři až pět let , neboť firma NEC využívá monopol " , stěžuje si Kazuhiko Nishi , prezident společnosti Ascii Corp . , jedné z vedoucích japonských společností vydávajících časopisy o osobních počítačích a zabývajících se softwarem . 	inside
pdtsc_058_3.01.t##41.1	<<verb:Bydleli>> jsme <<prep:nedaleko>> <<f%LOC:Labe>> . 	near
pdtsc_131_1.06.t##46.16	Z pravé strany je manžel Josef Lahuta , vedle je zeť , to je muž nejmladší dcery , a <<prep:vedle>> <<f%LOC:něho>> <<verb:je>> moje nejmladší dcera Ivetka . 	beside
pdtsc_083_2.00.t##14.1	<<prep:Uprostřed>> <<f%LOC:staveniště>> <<verb:je>> vytvářená spodní část jezu , to znamená základ pro hradlový jez . 	middle
ln94210_34.t##16.12	Nabízí se řešení : tlaku ustoupit , unii radikálně rozšířit o nedočkavé a <<prep:uvnitř>> té <<f%LOC:unie>> <<verb:vytvořit>> novou , lepší , třebas jen pětičlennou elitu více a lépe integrovaných , kteří budou určovat směr dalšího pohybu . 	inside	abstract
pdtsc_015_2.04.t##39.2	Když jsme vyšli , tak jsme <<verb:byli>> normálně <<prep:v>> <<f%LOC:pětistupech>> a po straně chodili každých pár metrů esesáci . 	within			
ln95049_036.t##16.24	Sama zase úzkostlivě dbala na to , aby každého slušně pozdravila , což prý není v tenise pravidlem , neboť některé hráčky se omezí na " ahoj " , až když člověk <<prep:proti>> <<f%LOC:nim>> <<verb:stojí>> a není vyhnutí . 	opposite
pdtsc_054_3.03.t##2.1	To <<verb:je>> <<prep:nedaleko>> <<f%LOC:Hronova>> , odkud jsem . 	near
ln94206_117.t##28.2	Deset minut před koncem <<verb:fauloval>> Vejprava <<prep:před>> jabloneckou <<f%LOC:brankou>> Krejčíka a Vrabec z penalty zvýšil na 2 : 0 . 	front
pdtsc_098_1.07.t##8.1	<<prep:Mimo>> <<f%LOC:srazy>> se <<verb:vídáváme>> třeba tady s Vaškem Bláhou . 	outside	abstract
pdtsc_120_1.08.t##19.1	Jak je tam ten dům na fotografii , tak ten <<verb:byl>> <<prep:proti>> <<f%LOC:domu>> , kde jsem tehdy bydlela já . 	opposite
pdtsc_044_2.10.t##47.6	Turistů tam bylo dost , ale my jsme <<verb:měli>> i <<prep:u>> <<f%LOC:moře>> pro naše apartmány , pro náš hotel , oddělené místo . 	adjacency
pdtsc_052_1.06.t##40.2	<<verb:Byl>> <<prep:v>> <<prep:blízkosti>> <<f%LOC:nemocnice>> , ale všechno bylo marné . 	near
wsj1388.cz.t##13.6	" Ve 22 letech jsem myslel , že už <<verb:mám>> to nejlepší <<prep:za>> <<f%LOC:sebou>> , " vzpomíná McDuffie , otevřený muž se světle modrýma očima a lehce jižanskou , ospalou řečí . 	behind	abstract
ln94200_164.t##17.20	Hubálek doporučil Čs . obci legionářské a Konfederaci politických vězňů v případu Kohlíček svolat morální tribunál , protože jde o naprosto jasnou kauzu , kde by svědci tohoto muže <<prep:před>> <<f%LOC:veřejností>> <<verb:usvědčili>> ze zvěrstev , která na nich sám páchal nebo která toleroval . 	front	abstract
wsj0198.cz.t##10.19	Také řekli , že od občanské války více než tucet prezidentů volalo po právu částečného veta a " všichni se shodli na tom , že taková zákonotvorná moc <<verb:je>> <<prep:mimo>> <<f%LOC:dosah>> " prezidenta . 	outside	abstract
pdtsc_134_3.06.t##4.7	Na téhle fotce jsem zase já , <<prep:vedle>> <<f%LOC:mě>> <<verb:je>> moje žena a vedle kamarád . 	beside
pdtsc_144_3.05.t##30.6	Přišel tam nějaký muž a <<verb:měl>> <<prep:okolo>> <<f%LOC:krku>> tohoto hada . 	around
faust_2010_07_es_09.t##34.5	Kontraktivní fiskální politika pro případ , že <<verb:je>> ekonomika <<prep:nad>> plnou <<f%LOC:zaměstnaností>> 	above	abstract
pdtsc_033_2.01.t##35.8	Ale dovede si člověk představit to riziko předem , dřív než <<f%LOC:mu>> <<verb:stojí>> <<prep:tváří>> <<prep:v>> <<prep:tvář>> ? 	facing	abstract
pdtsc_079_2.14.t##24.1	<<verb:Byl>> zaměstnaný jako technik <<prep:u>> výpočetní <<f%LOC:techniky>> . 	within	abstract	within	regard
pdtsc_103_2.06.t##22.11	Je vidět jak je tam vzadu vysoko voda , jak <<verb:jsou>> oblouky Karlova mostu těsně <<prep:nad>> <<f%LOC:vodou>> . 	above
pdtsc_118_1.04.t##35.1	Sestavu jsem <<verb:dodělával>> <<prep:mimo>> ohražený <<f%LOC:prostor>> , kde byli rozhodčí . 	outside
pdtsc_051_2.04.t##35.2	Knížky <<verb:byly>> <<prep:kolem>> <<f%LOC:mě>> , mohla jsem si vybrat , kterou jsem chtěla číst . 	around
lnd94103_059.t##21.8	Přitom je však považován za jednoho z těch , kdo za určitých okolností mohou <<verb:udržet>> situaci v zemi <<prep:pod>> <<f%LOC:kontrolou>> . 	below	idiom
wsj1624.cz.t##72.1	Prémiové cenné papíry Vládní národní hypotékové asociace ( Ginnie Mae ) s kupónovými sazbami 13 % a výše dokonce <<verb:poklesly>> <<prep:uprostřed>> <<f%LOC:obav>> , že dojde ke zvýšeným platbám předem , kvůli plánu , který nyní zvažuje Kongres , totiž že refinancování hypoték se státní podporou bude urychleno . 	middle	abstract
wsj2112.cz.t##63.1	Jak se blíží Halloween a rýsují se větší škrty v rozpočtu na obranu , více a více pentagonských byrokratů se <<verb:plazí>> <<prep:pod>> <<f%LOC:stolem>> . 	below	idiom
pdtsc_083_2.02.t##37.2	<<prep:Mezi>> <<f%LOC:nimi>> už <<verb:jsou>> otvory a horní hladina je zakleslá . 	between
pdtsc_099_3.05.t##8.12	Zprava sedí můj bratr Pavel , jeho dcera Lenka a <<prep:vedle>> <<f%LOC:ní>> <<verb:sedí>> její přítel Honza , potom je to švagrová mojí maminky - moje teta Venda , pak sedí moje maminka a její bratr Olda a Lucinka jim něco vypráví , protože jsou všichni soustředění na ni . 	beside
pdtsc_103_2.07.t##32.2	<<verb:Stála>> s revolverem <<prep:proti>> <<f%LOC:dveřím>> a za dveřmi se ozývalo " aufmachen " , " offen " , byli tam Němci . 	opposite
wsj1700.cz.t##16.16	Hun Senův režim poslal tisíce povinně odvedených dělníků na smrt způsobenou malárií a podvýživou , když museli <<prep:nedaleko>> <<f%LOC:hranic>> s Thajskem <<verb:stavět>> kambodžskou obdobu Berlínské zdi . 	near
pdtsc_083_2.07.t##35.1	Tam <<verb:jsou>> <<prep:vedle>> <<f%LOC:sebe>> jak francouzsko - britský Concorde , tak sovětský TU - 144 , oba dva nadzvukové letouny . 	beside
wsj1320.cz.t##61.1	Současné ceny kakaa <<verb:jsou>> <<prep:poblíž>> <<f%LOC:úrovní>> , která se naposledy vyskytla uprostřed 70 . let . 	near	abstract
cmpr9415_048.t##20.21	Ředitel je ochoten respektovat i sazbu o 100 Kč vyšší , jde - li o práce na speciálních strojích , například při opracování polotovaru na stroji , který <<verb:je>> jediný <<prep:v>> <<f%LOC:regionu>> . 	inside
pdtsc_011_1.03.t##41.1	Nejnebezpečnější <<verb:byl>> <<prep:v>> <<f%LOC:Kyjově>> drogista Chyba . 	inside
ln94207_71.t##12.1	<<prep:V>> <<prep:čele>> <<f%LOC:sbírek>> <<verb:budou>> ředitelé jmenovaní na základě výběrového řízení a po projednání radou . 	foreground	abstract
wsj1937.cz.t##35.22	Obchodníci byli zpočátku nervózní ohledně akcií společností včetně mnoha počítačových společností , které na mimoburzovním trhu vedou , jako je například společnost Apple Computer , která <<verb:má>> pobočky <<prep:v>> <<prep:blízkosti>> <<f%LOC:oblasti>> zničené zemětřesením . 	near
pdtsc_101_1.01.t##16.1	<<prep:Naproti>> <<f%LOC:nám>> , jak už jsem říkala , <<verb:jsou>> vysoké panelové domy . 	opposite
wsj1817.cz.t##3.13	Ale včera , když Atlantis odburácel do kousku jasné oblohy nad Floridou a <<verb:zavřely>> se <<prep:za>> <<f%LOC:ním>> bouřkové mraky , se NASA snažil sondu obrátit v symbol triumfu . 	behind			
pdtsc_023_3.04.t##17.19	Mnohokrát jsem ho slyšel , když říkal : " Já když orám , půda se obrací , přede mnou jdou koně a já <<verb:slyším>> <<prep:nad>> <<f%LOC:sebou>> zpívat skřivánka , tak si říkám , že bych neměnil ani s císařem pánem . " 	above
pdtsc_096_2.11.t##35.2	<<verb:Bydleli>> tam <<prep:na>> <<f%LOC:samotě>> , byly tam asi jenom dvě chalupy . 	inside
wsj1296.cz.t##31.11	Podle několika členů komise pro cenné papíry existuje alespoň 16 států , které <<verb:jsou>> <<f%LOC:vyrovnání>> se společností Drexel buď <<prep:blízko>> , nebo které se proti vyrovnání nestaví . 	near	abstract
pdtsc_091_3.06.t##14.19	Byla ze Starého Plzence , chodila se mnou do školy ( sice do jiné třídy , ale do stejného ročníku ) , <<verb:bydlely>> jsme skoro <<prep:naproti>> <<f%LOC:sobě>> . 	opposite
pdtsc_141_1.08.t##11.2	To <<verb:je>> <<prep:poblíž>> <<f%LOC:Cortiny>> d ' Ampezzo , lyžovali jsme tady asi čtyři dni . 	near
wsj0758.cz.t##14.1	Pan Engelken <<verb:dělal>> to samé <<prep:za>> <<f%LOC:řekou>> Hudson v New Jersey , kde s nosem přilepeným na výloze banky Passaic - Clifton National Bank sledoval souboj na soustavě televizí , kterou banka pro tuto příležitost připravila . 	behind
pdtsc_039_1.04.t##5.1	Všechny nás <<verb:ubytovali>> <<prep:na>> <<f%LOC:Lagednické>> 3 , 4 nebo 38 . 	within
ln94202_27.t##32.16	Chtěl byste , aby se dítě , v případě , že by bylo nadané , dostalo co nejdříve do výběrové třídy , nebo byste dal přednost tomu , aby <<verb:vyrůstalo>> delší dobu <<prep:uprostřed>> běžné <<f%LOC:populace>> ? 	middle	abstract	middle	
ln94209_63.t##11.7	Divák se stává terčem vtipu , i když se domnívá , že <<verb:má>> <<prep:nad>> <<f%LOC:banalitou>> záběrů nadhled . 	above	abstract
cmpr9415_051.t##28.1	Jinak zahraniční návštěvníci většinou <<verb:přespí>> <<prep:na>> <<f%LOC:Slovensku>> pouze jednou až dvakrát . 	inside
wsj0331.cz.t##12.2	" Předpokládaná čistá hodnota majetku 22.70 ( za akcii ) <<verb:je>> značně <<prep:pod>> <<f%LOC:číslem>> 30 , ve které věřil Street , " tvrdí společnost PaineWebber . 	below	quantity
wsj0036.cz.t##44.4	Řekl , že aby se index dal brát jako předpověď recese , musel by <<verb:být>> <<prep:poblíž>> spodní 40 % <<f%LOC:hranice>> po několik měsíců , . 	near	quantity
pdtsc_083_2.01.t##46.1	<<prep:V>> <<f%LOC:pozadí>> pod skálou <<verb:vidíte>> postavený pěkný domeček . 	inside
pdtsc_055_2.02.t##35.1	<<verb:Vystavěli>> ji <<prep:blízko>> <<f%LOC:řeky>> , aby měli na chladící věže vodu rovnou z řeky . 	near
mf930713_138.t##18.1	Defétismus se <<verb:rozmáhá>> i <<prep:mezi>> 20000 <<f%LOC:vojáky>> , kteří mají udržovat klid v Severním Irsku . 	among	abstract
ln94208_3.t##23.21	Ačkoliv se jedná o prostorný malý automobil s výbornými motorickými i jízdními vlastnostmi , jimiž právě odborníky přesvědčil , aby ho označili za vůz roku , <<prep:u>> <<f%LOC:nás>> <<verb:zůstal>> nedoceněný a odbyt nebyl úměrný této jeho pozici . 	within
faust_2010_07_jh_04.t##5.24	Dlouho jsem s tebou nemluvil . Ale mám pro tebe novinku . Jedu do Číny ! Na prázdniny . Bylo by super se potkat . <<verb:Žiješ>> <<prep:poblíž>> <<f%LOC:Pekingu>> ? Myslím , že ale budu i v Šanghaji . Tak mi prosím napiš e - mail zpátky ! Už jsi něco poslala ? 	near
ln95049_110.t##10.1	Sdružení podnikatelů <<verb:má>> <<prep:na>> <<f%LOC:Uherskohradišťsku>> 261 členů , z nichž téměř polovina ovšem nezaplatila členské příspěvky za uplynulý rok . 	inside
wsj0766.cz.t##88.13	Byt , v němž bydlí s 12 letou dcerou a sestrou , se otřásl , knihy a křišťál <<verb:skončily>> <<prep:na>> <<f%LOC:podlaze>> , ale nic nebylo vážně poškozeno . 	surface
ln94205_6.t##26.2	Zatímco v 60 . a 70 . letech <<verb:neexistovaly>> počítače <<prep:mimo>> výpočetní <<f%LOC:střediska>> , dnes jsou tato střediska poměrně ojedinělá . 	outside	abstract
pdtsc_136_2.01.t##12.1	<<verb:Bydlívali>> jsme přímo <<prep:naproti>> <<f%LOC:škole>> . 	opposite
ln94200_144.t##14.13	Vejdeš - li dovnitř , naplní tě úcta , skloníš hlavu před něčím , co <<verb:je>> <<prep:nad>> <<f%LOC:námi>> , něčím , co je víc než my , nebem a peklem , Bohem . 	above	abstract
wsj1110.cz.t##24.2	Teď se <<prep:kolem>> <<f%LOC:něho>> přinejmenším <<verb:množí>> otazníky a není pochyb o tom , že se tempo růstu zpomalilo . 	around	regard
wsj0676.cz.t##18.4	<<prep:V>> <<prep:čele>> tohoto <<f%LOC:vývoje>> <<verb:šel>> Pentagon , částečně kvůli vojenským spojenectvím po celém světě . 	foreground	abstract
pdtsc_072_2.06.t##31.7	Ze stolu a židliček , co <<verb:vidíme>> <<prep:uprostřed>> <<f%LOC:snímku>> , začne za chvilku tryskat vodotrysk . 	middle
pdtsc_056_2.06.t##50.4	<<prep:Na>> <<f%LOC:louce>> si <<verb:cvičila>> a učila se , jak rybář s prutem nahazuje do vody nástrahu s olůvkem . 	inside
mf930709_024.t##6.10	Na nádvoří odcizil i zaparkovanou Škodu 120 , ale vozidlo <<verb:odstavil>> <<prep:nedaleko>> <<f%LOC:objektu>> . 	near
pdtsc_103_2.00.t##23.1	Štěnovice a Nezvěstice <<verb:jsou>> <<prep:blízko>> <<f%LOC:Plzně>> . 	near
wsj1730.cz.t##22.3	Zatímco se <<verb:radili>> <<prep:nedaleko>> východního <<f%LOC:Berlína>> , v pobaltském městě Greifswald propukl protest podporující demokracii a aktivisté hrozili dalšími manifestacemi namířenými proti očekávané nekompromisní politice předáka Krenze . 	near
pdtsc_141_1.01.t##32.2	<<prep:Podle>> <<f%LOC:Labe>> <<verb:jsou>> břehy osázené duby a Hakrovy školky vykupovaly žaludy . 	alongside
pdtsc_117_2.07.t##18.1	Teď už <<verb:jsme>> <<prep:okolo>> " <<f%LOC:Žďákováku>> " častěji . 	around
wsj0604.cz.t##18.9	Ale i tato dosud pevná pozice byla ohrožena , když se minulý týden mnoho firem na Wall Street z programového obchodování <<prep:pod>> <<f%LOC:tlakem>> velkých investorů <<verb:stáhlo>> . 	below	abstract
ln94208_84.t##4.4	Vyvolává je fakt , že <<prep:uvnitř>> Spojených <<f%LOC:států>> samých <<verb:není>> jasno , zda se přiklonit k novodobému izolacionismu , nebo setrvat na pozicích globální prodemokratické angažovanosti . 	inside
pdtsc_071_2.11.t##12.1	Místo , kde jsem byl , <<verb:je>> asi osmdesát kilometrů <<prep:nad>> <<f%LOC:Barcelonou>> . 	above			
pdtsc_044_2.07.t##37.1	<<verb:Bydlí>> <<prep:blízko>> Boleveckého <<f%LOC:rybníku>> . 	near
pdtsc_035_2.03.t##1.3	<<verb:Jel>> <<prep:před>> <<f%LOC:námi>> a najednou zastavil . 	front
pdtsc_090_1.02.t##49.1	Tady <<verb:jsme>> <<prep:poblíž>> <<f%LOC:chaty>> směrem k Milínu . 	near
ln94204_141.t##68.2	Příklady můžeme <<verb:nalézt>> <<prep:v>> <<prep:blízkosti>> <<f%LOC:tržišť>> : bezdomovci pomáhají trhovcům , sbírají staré lahve na stadionech a odnášejí do sběru papír . 	near
wsj0328.cz.t##4.1	<<prep:Tváří>> <<prep:v>> <<prep:tvář>> nevyhnutelné <<f%LOC:porážce>> tento kdysi dominantní průmysl <<verb:odmítl>> hlasovat podle jmen o zákazu , který se týká všech kromě zlomku 1 % každodenních letů v USA . 	facing	abstract
lnd94103_141.t##5.7	Rikl se mi samozřejmě líbí , ale ještě <<verb:je>> <<prep:před>> <<f%LOC:námi>> pár turnajů a rozhodovat se budu až ve Wimbledonu . 	front	abstract
ln94208_101.t##5.1	<<prep:Mezi>> posledními šestnácti <<f%LOC:tenistkami>> <<verb:je>> ve Flushing Meadows i sedmá nasazená Jana Novotná , která s Kanaďankou Hyovou ( 51 . hráčka WTA ) nedělala žádné cavyky - 6 : 1 , 6 : 2 . 	ingroup
pdtsc_134_3.05.t##14.13	Vyfasoval jsem nějaké cestovné a jel jsem třeba do Bratislavy nebo do Brna na turnaj , prostě jsem se <<verb:toulal>> <<prep:po>> <<f%LOC:republice>> . 	distr
wsj2171.cz.t##1.2	Následující emise byly v poslední době <<verb:zapsány>> <<prep:u>> <<f%LOC:Komise>> pro cenné papíry : Gehl Co . , počáteční veřejná nabídka dvou miliónů kmenových akcií , z nichž 1450635 akcií je nabízeno společností a 549365 akcií držiteli prostřednictvím Blunt , Ellis & Loewi Inc . a Robert W . Baird & Co . 	adjacency	abstract
ln94202_121.t##17.1	<<prep:V>> <<prep:čele>> <<f%LOC:tabulky>> se <<verb:usadil>> Newcastle United , který porazil Southampton , a v prvních třech kolech zaznamenal 12 branek . 	foreground	abstract
ln94210_34.t##17.18	Je to jak v nějaké pohádce : nedočkavci prorazí bránu , vniknou nadšeně do paláce a hle , <<prep:uvnitř>> <<f%LOC:paláce>> <<verb:stojí>> nový palác a nové hradby . 	inside
wsj1831.cz.t##27.13	Je dokonce schopen pomýšlet na práci , díky níž <<verb:tráví>> 300 večerů v roce <<prep:mimo>> <<f%LOC:domov>> , jako na spořádané zaměstnání . 	outside
pdtsc_047_1.03.t##23.6	Držel jsem to v ruce a celá parta <<verb:byla>> <<prep:okolo>> <<f%LOC:mě>> . 	around
wsj0439.cz.t##45.3	Předpokládá se , že <<prep:uvnitř>> <<f%LOC:aliance>> budou <<verb:působit>> jako vyvažující síla chránící před nadměrným vládním dozorem a před zneužitím ekonomické pozice ze strany podniků , jelikož obojí by mohlo vést ke zhoršení životního standardu pracujících ( podle nových usnesení mohou rady pracujících požadovat , aby družstva byla uzavřena , nebo aby jejich ceny byly sníženy ) . 	inside	abstract
wsj1317.cz.t##60.12	Společnost Computer Sciences Corp . z El Segunda v Kalifornii oznámila , že <<verb:je>> <<prep:blízko>> <<f%LOC:uzavření>> konečné dohody ohledně koupě společnosti Cleveland Consulting Associates od společnosti Saatchi & Saatchi 	near	abstract
pdtsc_050_3.06.t##22.1	Čtyřikrát do roka jsme to <<verb:měli>> na očích <<prep:za>> <<f%LOC:rámečkem>> . 	behind
pdtsc_110_2.03.t##30.11	Tak jsem se postavil do fronty , viděl jsem , kdo je přede mnou , kdo <<verb:je>> <<prep:za>> <<f%LOC:mnou>> . 	behind
